A1,w,a
A2,w,a
A3,w,a
A4,w,d
A5,w,d
A6,w,d
A7,w,ss
A8,w,ss
A9,w,ss
A10,w,fd
A11,w,fd
A12,w,fd
A13,w,sda
A14,w,sda
A15,w,sda
A16,w,sas
A17,w,sas
A18,w,sas
A19,w,water
A20,w,water
A21,w,water
A22,e,a
A23,e,a
A24,e,a
B1,e,d
B2,e,d
B3,e,d
B4,e,ss
B5,e,ss
B6,e,ss
B7,e,fd
B8,e,fd
B9,e,fd
B10,e,sda
B11,e,sda
B12,e,sda
B13,e,sas
B14,e,sas
B15,e,sas
B16,e,water
B17,e,water
B18,e,water
B19,r,a
B20,r,a
B21,r,a
B22,r,d
B23,r,d
B24,r,d
C1,r,ss
C2,r,ss
C3,r,ss
C4,r,fd
C5,r,fd
C6,r,fd
C7,r,sda
C8,r,sda
C9,r,sda
C10,r,sas
C11,r,sas
C12,r,sas
C13,r,water
C14,r,water
C15,r,water
C16,t,a
C17,t,a
C18,t,a
C19,t,d
C20,t,d
C21,t,d
C22,t,ss
C23,t,ss
C24,t,ss
D1,t,fd
D2,t,fd
D3,t,fd
D4,t,sda
D5,t,sda
D6,t,sda
D7,t,sas
D8,t,sas
D9,t,sas
D10,t,water
D11,t,water
D12,t,water
D13,z,a
D14,z,a
D15,z,a
D16,z,d
D17,z,d
D18,z,d
D19,z,ss
D20,z,ss
D21,z,ss
D22,z,fd
D23,z,fd
D24,z,fd
E1,z,sda
E2,z,sda
E3,z,sda
E4,z,sas
E5,z,sas
E6,z,sas
E7,z,water
E8,z,water
E9,z,water
E10,u,a
E11,u,a
E12,u,a
E13,u,d
E14,u,d
E15,u,d
E16,u,ss
E17,u,ss
E18,u,ss
E19,u,fd
E20,u,fd
E21,u,fd
E22,u,sda
E23,u,sda
E24,u,sda
F1,u,sas
F2,u,sas
F3,u,sas
F4,u,water
F5,u,water
F6,u,water
