A1,sdkfjlhsduilhgfuiahfgvuiadhuig,aklsfhsdöuhfvö-iohagvaiohgvoadrfhgv
A2,sdkfjlhsduilhgfuiahfgvuiadhuig,aklsfhsdöuhfvö-iohagvaiohgvoadrfhgv
A3,sdkfjlhsduilhgfuiahfgvuiadhuig,aklsfhsdöuhfvö-iohagvaiohgvoadrfhgv
A4,sdkfjlhsduilhgfuiahfgvuiadhuig,sdhösduhföksdhföashdöfuihasdf
A5,sdkfjlhsduilhgfuiahfgvuiadhuig,sdhösduhföksdhföashdöfuihasdf
A6,sdkfjlhsduilhgfuiahfgvuiadhuig,sdhösduhföksdhföashdöfuihasdf
A7,sdkfjlhsduilhgfuiahfgvuiadhuig,lsdfhuisdhfuilashfluiasdhfiusdhfoiusdhfiasdofh
A8,sdkfjlhsduilhgfuiahfgvuiadhuig,lsdfhuisdhfuilashfluiasdhfiusdhfoiusdhfiasdofh
A9,sdkfjlhsduilhgfuiahfgvuiadhuig,lsdfhuisdhfuilashfluiasdhfiusdhfoiusdhfiasdofh
A10,sdkfjlhsduilhgfuiahfgvuiadhuig,sdfhiuasdhfuiasdhfi
A11,sdkfjlhsduilhgfuiahfgvuiadhuig,sdfhiuasdhfuiasdhfi
A12,sdkfjlhsduilhgfuiahfgvuiadhuig,sdfhiuasdhfuiasdhfi
A13,sdkfjlhsduilhgfuiahfgvuiadhuig,sdflknsdhfklhsduklfhlksdh
A14,sdkfjlhsduilhgfuiahfgvuiadhuig,sdflknsdhfklhsduklfhlksdh
A15,sdkfjlhsduilhgfuiahfgvuiadhuig,sdflknsdhfklhsduklfhlksdh
A16,sdkfjlhsduilhgfuiahfgvuiadhuig,water
A17,sdkfjlhsduilhgfuiahfgvuiadhuig,water
A18,sdkfjlhsduilhgfuiahfgvuiadhuig,water
A19,sdkjlhfsduilahföuiasdhfiuashdöfuihasdfuilh,aklsfhsdöuhfvö-iohagvaiohgvoadrfhgv
A20,sdkjlhfsduilahföuiasdhfiuashdöfuihasdfuilh,aklsfhsdöuhfvö-iohagvaiohgvoadrfhgv
A21,sdkjlhfsduilahföuiasdhfiuashdöfuihasdfuilh,aklsfhsdöuhfvö-iohagvaiohgvoadrfhgv
A22,sdkjlhfsduilahföuiasdhfiuashdöfuihasdfuilh,sdhösduhföksdhföashdöfuihasdf
A23,sdkjlhfsduilahföuiasdhfiuashdöfuihasdfuilh,sdhösduhföksdhföashdöfuihasdf
A24,sdkjlhfsduilahföuiasdhfiuashdöfuihasdfuilh,sdhösduhföksdhföashdöfuihasdf
B1,sdkjlhfsduilahföuiasdhfiuashdöfuihasdfuilh,lsdfhuisdhfuilashfluiasdhfiusdhfoiusdhfiasdofh
B2,sdkjlhfsduilahföuiasdhfiuashdöfuihasdfuilh,lsdfhuisdhfuilashfluiasdhfiusdhfoiusdhfiasdofh
B3,sdkjlhfsduilahföuiasdhfiuashdöfuihasdfuilh,lsdfhuisdhfuilashfluiasdhfiusdhfoiusdhfiasdofh
B4,sdkjlhfsduilahföuiasdhfiuashdöfuihasdfuilh,sdfhiuasdhfuiasdhfi
B5,sdkjlhfsduilahföuiasdhfiuashdöfuihasdfuilh,sdfhiuasdhfuiasdhfi
B6,sdkjlhfsduilahföuiasdhfiuashdöfuihasdfuilh,sdfhiuasdhfuiasdhfi
B7,sdkjlhfsduilahföuiasdhfiuashdöfuihasdfuilh,sdflknsdhfklhsduklfhlksdh
B8,sdkjlhfsduilahföuiasdhfiuashdöfuihasdfuilh,sdflknsdhfklhsduklfhlksdh
B9,sdkjlhfsduilahföuiasdhfiuashdöfuihasdfuilh,sdflknsdhfklhsduklfhlksdh
B10,sdkjlhfsduilahföuiasdhfiuashdöfuihasdfuilh,water
B11,sdkjlhfsduilahföuiasdhfiuashdöfuihasdfuilh,water
B12,sdkjlhfsduilahföuiasdhfiuashdöfuihasdfuilh,water
B13,sdfhsuildfhuilasdhfasdhöfhasdöfuhasd,aklsfhsdöuhfvö-iohagvaiohgvoadrfhgv
B14,sdfhsuildfhuilasdhfasdhöfhasdöfuhasd,aklsfhsdöuhfvö-iohagvaiohgvoadrfhgv
B15,sdfhsuildfhuilasdhfasdhöfhasdöfuhasd,aklsfhsdöuhfvö-iohagvaiohgvoadrfhgv
B16,sdfhsuildfhuilasdhfasdhöfhasdöfuhasd,sdhösduhföksdhföashdöfuihasdf
B17,sdfhsuildfhuilasdhfasdhöfhasdöfuhasd,sdhösduhföksdhföashdöfuihasdf
B18,sdfhsuildfhuilasdhfasdhöfhasdöfuhasd,sdhösduhföksdhföashdöfuihasdf
B19,sdfhsuildfhuilasdhfasdhöfhasdöfuhasd,lsdfhuisdhfuilashfluiasdhfiusdhfoiusdhfiasdofh
B20,sdfhsuildfhuilasdhfasdhöfhasdöfuhasd,lsdfhuisdhfuilashfluiasdhfiusdhfoiusdhfiasdofh
B21,sdfhsuildfhuilasdhfasdhöfhasdöfuhasd,lsdfhuisdhfuilashfluiasdhfiusdhfoiusdhfiasdofh
B22,sdfhsuildfhuilasdhfasdhöfhasdöfuhasd,sdfhiuasdhfuiasdhfi
B23,sdfhsuildfhuilasdhfasdhöfhasdöfuhasd,sdfhiuasdhfuiasdhfi
B24,sdfhsuildfhuilasdhfasdhöfhasdöfuhasd,sdfhiuasdhfuiasdhfi
C1,sdfhsuildfhuilasdhfasdhöfhasdöfuhasd,sdflknsdhfklhsduklfhlksdh
C2,sdfhsuildfhuilasdhfasdhöfhasdöfuhasd,sdflknsdhfklhsduklfhlksdh
C3,sdfhsuildfhuilasdhfasdhöfhasdöfuhasd,sdflknsdhfklhsduklfhlksdh
C4,sdfhsuildfhuilasdhfasdhöfhasdöfuhasd,water
C5,sdfhsuildfhuilasdhfasdhöfhasdöfuhasd,water
C6,sdfhsuildfhuilasdhfasdhöfhasdöfuhasd,water
C7,sdfkhsdöofhöisdhöfhsdaöfh,aklsfhsdöuhfvö-iohagvaiohgvoadrfhgv
C8,sdfkhsdöofhöisdhöfhsdaöfh,aklsfhsdöuhfvö-iohagvaiohgvoadrfhgv
C9,sdfkhsdöofhöisdhöfhsdaöfh,aklsfhsdöuhfvö-iohagvaiohgvoadrfhgv
C10,sdfkhsdöofhöisdhöfhsdaöfh,sdhösduhföksdhföashdöfuihasdf
C11,sdfkhsdöofhöisdhöfhsdaöfh,sdhösduhföksdhföashdöfuihasdf
C12,sdfkhsdöofhöisdhöfhsdaöfh,sdhösduhföksdhföashdöfuihasdf
C13,sdfkhsdöofhöisdhöfhsdaöfh,lsdfhuisdhfuilashfluiasdhfiusdhfoiusdhfiasdofh
C14,sdfkhsdöofhöisdhöfhsdaöfh,lsdfhuisdhfuilashfluiasdhfiusdhfoiusdhfiasdofh
C15,sdfkhsdöofhöisdhöfhsdaöfh,lsdfhuisdhfuilashfluiasdhfiusdhfoiusdhfiasdofh
C16,sdfkhsdöofhöisdhöfhsdaöfh,sdfhiuasdhfuiasdhfi
C17,sdfkhsdöofhöisdhöfhsdaöfh,sdfhiuasdhfuiasdhfi
C18,sdfkhsdöofhöisdhöfhsdaöfh,sdfhiuasdhfuiasdhfi
C19,sdfkhsdöofhöisdhöfhsdaöfh,sdflknsdhfklhsduklfhlksdh
C20,sdfkhsdöofhöisdhöfhsdaöfh,sdflknsdhfklhsduklfhlksdh
C21,sdfkhsdöofhöisdhöfhsdaöfh,sdflknsdhfklhsduklfhlksdh
C22,sdfkhsdöofhöisdhöfhsdaöfh,water
C23,sdfkhsdöofhöisdhöfhsdaöfh,water
C24,sdfkhsdöofhöisdhöfhsdaöfh,water
